AgeGroup,AvgEngagement
Adult,114.16666666666667
Senior,101.71428571428571
Teen,90.21739130434783
